institution_id,founder_id,amount,basis,certainty,attribution_method,source_document_kind,source_recipient_name,match_method,source_url,note
school:00100307,founder:70890692,7124000,budgeted,observed,recipient_reported_founder_budget,approved_regional_school_budget,"Střední odborná škola a Základní škola, Město Albrechtice, příspěvková organizace",ico_exact,https://www.msk.cz/kraj/zastupitelstvo/prilohy_usneseni.html?cp=4&cu=1454&d=2023-12-07&rz=z&s=14,Moravskoslezský kraj approved 2024 school budget; Approved total operating contribution by education organization.
school:00100340,founder:70890692,6327000,budgeted,observed,recipient_reported_founder_budget,approved_regional_school_budget,"Střední škola, Jablunkov, příspěvková organizace",ico_exact,https://www.msk.cz/kraj/zastupitelstvo/prilohy_usneseni.html?cp=4&cu=1454&d=2023-12-07&rz=z&s=14,Moravskoslezský kraj approved 2024 school budget; Approved total operating contribution by education organization.
school:00561151,founder:70890692,3302000,budgeted,observed,recipient_reported_founder_budget,approved_regional_school_budget,"Střední zdravotnická škola, Frýdek-Místek, příspěvková organizace",ico_exact,https://www.msk.cz/kraj/zastupitelstvo/prilohy_usneseni.html?cp=4&cu=1454&d=2023-12-07&rz=z&s=14,Moravskoslezský kraj approved 2024 school budget; Approved total operating contribution by education organization.
school:00575933,founder:70890692,10583000,budgeted,observed,recipient_reported_founder_budget,approved_regional_school_budget,"Střední škola služeb a podnikání, Ostrava-Poruba, příspěvková organizace",ico_exact,https://www.msk.cz/kraj/zastupitelstvo/prilohy_usneseni.html?cp=4&cu=1454&d=2023-12-07&rz=z&s=14,Moravskoslezský kraj approved 2024 school budget; Approved total operating contribution by education organization.
school:00576441,founder:70890692,9049000,budgeted,observed,recipient_reported_founder_budget,approved_regional_school_budget,"Hotelová škola, Frenštát pod Radhoštěm, příspěvková organizace",ico_exact,https://www.msk.cz/kraj/zastupitelstvo/prilohy_usneseni.html?cp=4&cu=1454&d=2023-12-07&rz=z&s=14,Moravskoslezský kraj approved 2024 school budget; Approved total operating contribution by education organization.
school:00577235,founder:70890692,12885000,budgeted,observed,recipient_reported_founder_budget,approved_regional_school_budget,"Albrechtova střední škola, Český Těšín, příspěvková organizace",ico_exact,https://www.msk.cz/kraj/zastupitelstvo/prilohy_usneseni.html?cp=4&cu=1454&d=2023-12-07&rz=z&s=14,Moravskoslezský kraj approved 2024 school budget; Approved total operating contribution by education organization.
school:00577243,founder:70890692,13263000,budgeted,observed,recipient_reported_founder_budget,approved_regional_school_budget,"Střední škola gastronomie, oděvnictví a služeb, Frýdek-Místek, příspěvková organizace",ico_exact,https://www.msk.cz/kraj/zastupitelstvo/prilohy_usneseni.html?cp=4&cu=1454&d=2023-12-07&rz=z&s=14,Moravskoslezský kraj approved 2024 school budget; Approved total operating contribution by education organization.
school:00577260,founder:70890692,20012000,budgeted,observed,recipient_reported_founder_budget,approved_regional_school_budget,"Střední škola společného stravování, Ostrava-Hrabůvka, příspěvková organizace",ico_exact,https://www.msk.cz/kraj/zastupitelstvo/prilohy_usneseni.html?cp=4&cu=1454&d=2023-12-07&rz=z&s=14,Moravskoslezský kraj approved 2024 school budget; Approved total operating contribution by education organization.
school:00577910,founder:70890692,9002000,budgeted,observed,recipient_reported_founder_budget,approved_regional_school_budget,"Střední škola, Odry, příspěvková organizace",ico_exact,https://www.msk.cz/kraj/zastupitelstvo/prilohy_usneseni.html?cp=4&cu=1454&d=2023-12-07&rz=z&s=14,Moravskoslezský kraj approved 2024 school budget; Approved total operating contribution by education organization.
school:00600920,founder:70890692,16133000,budgeted,observed,recipient_reported_founder_budget,approved_regional_school_budget,"Střední zdravotnická škola a Vyšší odborná škola zdravotnická, Ostrava, příspěvková organizace",ico_exact,https://www.msk.cz/kraj/zastupitelstvo/prilohy_usneseni.html?cp=4&cu=1454&d=2023-12-07&rz=z&s=14,Moravskoslezský kraj approved 2024 school budget; Approved total operating contribution by education organization.
school:00601152,founder:70890692,2799000,budgeted,observed,recipient_reported_founder_budget,approved_regional_school_budget,"Střední zdravotnická škola, Opava, příspěvková organizace",ico_exact,https://www.msk.cz/kraj/zastupitelstvo/prilohy_usneseni.html?cp=4&cu=1454&d=2023-12-07&rz=z&s=14,Moravskoslezský kraj approved 2024 school budget; Approved total operating contribution by education organization.
school:00601292,founder:70890692,6573000,budgeted,observed,recipient_reported_founder_budget,approved_regional_school_budget,"Střední pedagogická škola a Střední zdravotnická škola, Krnov, příspěvková organizace",ico_exact,https://www.msk.cz/kraj/zastupitelstvo/prilohy_usneseni.html?cp=4&cu=1454&d=2023-12-07&rz=z&s=14,Moravskoslezský kraj approved 2024 school budget; Approved total operating contribution by education organization.
school:00601322,founder:70890692,15260000,budgeted,observed,recipient_reported_founder_budget,approved_regional_school_budget,"Střední průmyslová škola a Obchodní akademie, Bruntál, příspěvková organizace",ico_exact,https://www.msk.cz/kraj/zastupitelstvo/prilohy_usneseni.html?cp=4&cu=1454&d=2023-12-07&rz=z&s=14,Moravskoslezský kraj approved 2024 school budget; Approved total operating contribution by education organization.
school:00601331,founder:70890692,10117000,budgeted,observed,recipient_reported_founder_budget,approved_regional_school_budget,"Gymnázium a Střední odborná škola, Rýmařov, příspěvková organizace",ico_exact,https://www.msk.cz/kraj/zastupitelstvo/prilohy_usneseni.html?cp=4&cu=1454&d=2023-12-07&rz=z&s=14,Moravskoslezský kraj approved 2024 school budget; Approved total operating contribution by education organization.
school:00601349,founder:70890692,4404000,budgeted,observed,recipient_reported_founder_budget,approved_regional_school_budget,"Gymnázium, Krnov, příspěvková organizace",ico_exact,https://www.msk.cz/kraj/zastupitelstvo/prilohy_usneseni.html?cp=4&cu=1454&d=2023-12-07&rz=z&s=14,Moravskoslezský kraj approved 2024 school budget; Approved total operating contribution by education organization.
school:00601357,founder:70890692,5055000,budgeted,observed,recipient_reported_founder_budget,approved_regional_school_budget,"Všeobecné a sportovní gymnázium, Bruntál, příspěvková organizace",ico_exact,https://www.msk.cz/kraj/zastupitelstvo/prilohy_usneseni.html?cp=4&cu=1454&d=2023-12-07&rz=z&s=14,Moravskoslezský kraj approved 2024 school budget; Approved total operating contribution by education organization.
school:00601381,founder:70890692,16697000,budgeted,observed,recipient_reported_founder_budget,approved_regional_school_budget,"Střední průmyslová škola, Obchodní akademie a Jazyková škola s právem státní jazykové zkoušky, Frýdek-Místek, příspěvková",ico_exact,https://www.msk.cz/kraj/zastupitelstvo/prilohy_usneseni.html?cp=4&cu=1454&d=2023-12-07&rz=z&s=14,Moravskoslezský kraj approved 2024 school budget; Approved total operating contribution by education organization.
school:00601390,founder:70890692,6956000,budgeted,observed,recipient_reported_founder_budget,approved_regional_school_budget,"Gymnázium, Třinec, příspěvková organizace",ico_exact,https://www.msk.cz/kraj/zastupitelstvo/prilohy_usneseni.html?cp=4&cu=1454&d=2023-12-07&rz=z&s=14,Moravskoslezský kraj approved 2024 school budget; Approved total operating contribution by education organization.
school:00601403,founder:70890692,4236000,budgeted,observed,recipient_reported_founder_budget,approved_regional_school_budget,"Gymnázium, Frýdlant nad Ostravicí, nám. T. G. Masaryka 1260, příspěvková organizace",ico_exact,https://www.msk.cz/kraj/zastupitelstvo/prilohy_usneseni.html?cp=4&cu=1454&d=2023-12-07&rz=z&s=14,Moravskoslezský kraj approved 2024 school budget; Approved total operating contribution by education organization.
school:00601411,founder:70890692,5640000,budgeted,observed,recipient_reported_founder_budget,approved_regional_school_budget,"Gymnázium Petra Bezruče, Frýdek-Místek, příspěvková organizace",ico_exact,https://www.msk.cz/kraj/zastupitelstvo/prilohy_usneseni.html?cp=4&cu=1454&d=2023-12-07&rz=z&s=14,Moravskoslezský kraj approved 2024 school budget; Approved total operating contribution by education organization.
school:00601594,founder:70890692,3235000,budgeted,observed,recipient_reported_founder_budget,approved_regional_school_budget,"Odborné učiliště a Praktická škola, Nový Jičín, příspěvková organizace",ico_exact,https://www.msk.cz/kraj/zastupitelstvo/prilohy_usneseni.html?cp=4&cu=1454&d=2023-12-07&rz=z&s=14,Moravskoslezský kraj approved 2024 school budget; Approved total operating contribution by education organization.
school:00601624,founder:70890692,24366000,budgeted,observed,recipient_reported_founder_budget,approved_regional_school_budget,"Střední škola a Vyšší odborná škola, Kopřivnice, příspěvková organizace",ico_exact,https://www.msk.cz/kraj/zastupitelstvo/prilohy_usneseni.html?cp=4&cu=1454&d=2023-12-07&rz=z&s=14,Moravskoslezský kraj approved 2024 school budget; Approved total operating contribution by education organization.
school:00601641,founder:70890692,6260000,budgeted,observed,recipient_reported_founder_budget,approved_regional_school_budget,"Masarykovo gymnázium, Příbor, příspěvková organizace",ico_exact,https://www.msk.cz/kraj/zastupitelstvo/prilohy_usneseni.html?cp=4&cu=1454&d=2023-12-07&rz=z&s=14,Moravskoslezský kraj approved 2024 school budget; Approved total operating contribution by education organization.
school:00601659,founder:70890692,10745000,budgeted,observed,recipient_reported_founder_budget,approved_regional_school_budget,"Gymnázium a Střední průmyslová škola elektrotechniky a informatiky, Frenštát pod Radhoštěm, příspěvková organizace",ico_exact,https://www.msk.cz/kraj/zastupitelstvo/prilohy_usneseni.html?cp=4&cu=1454&d=2023-12-07&rz=z&s=14,Moravskoslezský kraj approved 2024 school budget; Approved total operating contribution by education organization.
school:00601667,founder:70890692,7401000,budgeted,observed,recipient_reported_founder_budget,approved_regional_school_budget,"Gymnázium Mikuláše Koperníka, Bílovec, příspěvková organizace",ico_exact,https://www.msk.cz/kraj/zastupitelstvo/prilohy_usneseni.html?cp=4&cu=1454&d=2023-12-07&rz=z&s=14,Moravskoslezský kraj approved 2024 school budget; Approved total operating contribution by education organization.
school:00601675,founder:70890692,6157000,budgeted,observed,recipient_reported_founder_budget,approved_regional_school_budget,"Gymnázium, Nový Jičín, příspěvková organizace",ico_exact,https://www.msk.cz/kraj/zastupitelstvo/prilohy_usneseni.html?cp=4&cu=1454&d=2023-12-07&rz=z&s=14,Moravskoslezský kraj approved 2024 school budget; Approved total operating contribution by education organization.
school:00601837,founder:70890692,3347000,budgeted,observed,recipient_reported_founder_budget,approved_regional_school_budget,"Odborné učiliště a Praktická škola, Hlučín, příspěvková organizace",ico_exact,https://www.msk.cz/kraj/zastupitelstvo/prilohy_usneseni.html?cp=4&cu=1454&d=2023-12-07&rz=z&s=14,Moravskoslezský kraj approved 2024 school budget; Approved total operating contribution by education organization.
school:00601977,founder:70890692,3691000,budgeted,observed,recipient_reported_founder_budget,approved_regional_school_budget,"Základní škola speciální, Ostrava-Slezská Ostrava, příspěvková organizace",ico_exact,https://www.msk.cz/kraj/zastupitelstvo/prilohy_usneseni.html?cp=4&cu=1454&d=2023-12-07&rz=z&s=14,Moravskoslezský kraj approved 2024 school budget; Approved total operating contribution by education organization.
school:00601985,founder:70890692,4331000,budgeted,observed,recipient_reported_founder_budget,approved_regional_school_budget,"Základní škola a Mateřská škola pro sluchově postižené a vady řeči, Ostrava-Poruba, příspěvková organizace",ico_exact,https://www.msk.cz/kraj/zastupitelstvo/prilohy_usneseni.html?cp=4&cu=1454&d=2023-12-07&rz=z&s=14,Moravskoslezský kraj approved 2024 school budget; Approved total operating contribution by education organization.
school:00602027,founder:70890692,17390000,budgeted,observed,recipient_reported_founder_budget,approved_regional_school_budget,"Střední zahradnická škola, Ostrava, příspěvková organizace",ico_exact,https://www.msk.cz/kraj/zastupitelstvo/prilohy_usneseni.html?cp=4&cu=1454&d=2023-12-07&rz=z&s=14,Moravskoslezský kraj approved 2024 school budget; Approved total operating contribution by education organization.
school:00602051,founder:70890692,5704000,budgeted,observed,recipient_reported_founder_budget,approved_regional_school_budget,"Střední umělecká škola, Ostrava, příspěvková organizace",ico_exact,https://www.msk.cz/kraj/zastupitelstvo/prilohy_usneseni.html?cp=4&cu=1454&d=2023-12-07&rz=z&s=14,Moravskoslezský kraj approved 2024 school budget; Approved total operating contribution by education organization.
school:00602060,founder:70890692,10056000,budgeted,observed,recipient_reported_founder_budget,approved_regional_school_budget,"Sportovní gymnázium Dany a Emila Zátopkových, Ostrava, příspěvková organizace",ico_exact,https://www.msk.cz/kraj/zastupitelstvo/prilohy_usneseni.html?cp=4&cu=1454&d=2023-12-07&rz=z&s=14,Moravskoslezský kraj approved 2024 school budget; Approved total operating contribution by education organization.
school:00602078,founder:70890692,9802000,budgeted,observed,recipient_reported_founder_budget,approved_regional_school_budget,"Janáčkova konzervatoř v Ostravě, příspěvková organizace",ico_exact,https://www.msk.cz/kraj/zastupitelstvo/prilohy_usneseni.html?cp=4&cu=1454&d=2023-12-07&rz=z&s=14,Moravskoslezský kraj approved 2024 school budget; Approved total operating contribution by education organization.
school:00602086,founder:70890692,7768000,budgeted,observed,recipient_reported_founder_budget,approved_regional_school_budget,"Obchodní akademie a Vyšší odborná škola sociální, Ostrava-Mariánské Hory, příspěvková organizace",ico_exact,https://www.msk.cz/kraj/zastupitelstvo/prilohy_usneseni.html?cp=4&cu=1454&d=2023-12-07&rz=z&s=14,Moravskoslezský kraj approved 2024 school budget; Approved total operating contribution by education organization.
school:00602094,founder:70890692,4879000,budgeted,observed,recipient_reported_founder_budget,approved_regional_school_budget,"Obchodní akademie, Ostrava-Poruba, příspěvková organizace",ico_exact,https://www.msk.cz/kraj/zastupitelstvo/prilohy_usneseni.html?cp=4&cu=1454&d=2023-12-07&rz=z&s=14,Moravskoslezský kraj approved 2024 school budget; Approved total operating contribution by education organization.
school:00602116,founder:70890692,5988000,budgeted,observed,recipient_reported_founder_budget,approved_regional_school_budget,"Střední průmyslová škola stavební, Ostrava, příspěvková organizace",ico_exact,https://www.msk.cz/kraj/zastupitelstvo/prilohy_usneseni.html?cp=4&cu=1454&d=2023-12-07&rz=z&s=14,Moravskoslezský kraj approved 2024 school budget; Approved total operating contribution by education organization.
school:00602124,founder:70890692,31833000,budgeted,observed,recipient_reported_founder_budget,approved_regional_school_budget,"Střední průmyslová škola chemická akademika Heyrovského, Ostrava, příspěvková organizace",ico_exact,https://www.msk.cz/kraj/zastupitelstvo/prilohy_usneseni.html?cp=4&cu=1454&d=2023-12-07&rz=z&s=14,Moravskoslezský kraj approved 2024 school budget; Approved total operating contribution by education organization.
school:00602132,founder:70890692,9992000,budgeted,observed,recipient_reported_founder_budget,approved_regional_school_budget,"Střední průmyslová škola elektrotechniky a informatiky, Ostrava, příspěvková organizace",ico_exact,https://www.msk.cz/kraj/zastupitelstvo/prilohy_usneseni.html?cp=4&cu=1454&d=2023-12-07&rz=z&s=14,Moravskoslezský kraj approved 2024 school budget; Approved total operating contribution by education organization.
school:00602141,founder:70890692,8321000,budgeted,observed,recipient_reported_founder_budget,approved_regional_school_budget,"Střední průmyslová škola, Ostrava-Vítkovice, příspěvková organizace",ico_exact,https://www.msk.cz/kraj/zastupitelstvo/prilohy_usneseni.html?cp=4&cu=1454&d=2023-12-07&rz=z&s=14,Moravskoslezský kraj approved 2024 school budget; Approved total operating contribution by education organization.
school:00602159,founder:70890692,5756000,budgeted,observed,recipient_reported_founder_budget,approved_regional_school_budget,"Gymnázium Olgy Havlové, Ostrava-Poruba, příspěvková organizace",ico_exact,https://www.msk.cz/kraj/zastupitelstvo/prilohy_usneseni.html?cp=4&cu=1454&d=2023-12-07&rz=z&s=14,Moravskoslezský kraj approved 2024 school budget; Approved total operating contribution by education organization.
school:00842702,founder:70890692,7009000,budgeted,observed,recipient_reported_founder_budget,approved_regional_school_budget,"Wichterlovo gymnázium, Ostrava-Poruba, příspěvková organizace",ico_exact,https://www.msk.cz/kraj/zastupitelstvo/prilohy_usneseni.html?cp=4&cu=1454&d=2023-12-07&rz=z&s=14,Moravskoslezský kraj approved 2024 school budget; Approved total operating contribution by education organization.
school:00842737,founder:70890692,4210000,budgeted,observed,recipient_reported_founder_budget,approved_regional_school_budget,"Gymnázium, Ostrava-Zábřeh, Volgogradská 6a, příspěvková organizace",ico_exact,https://www.msk.cz/kraj/zastupitelstvo/prilohy_usneseni.html?cp=4&cu=1454&d=2023-12-07&rz=z&s=14,Moravskoslezský kraj approved 2024 school budget; Approved total operating contribution by education organization.
school:00842745,founder:70890692,20816000,budgeted,observed,recipient_reported_founder_budget,approved_regional_school_budget,"Gymnázium, Ostrava-Hrabůvka, příspěvková organizace",ico_exact,https://www.msk.cz/kraj/zastupitelstvo/prilohy_usneseni.html?cp=4&cu=1454&d=2023-12-07&rz=z&s=14,Moravskoslezský kraj approved 2024 school budget; Approved total operating contribution by education organization.
school:00842753,founder:70890692,4988000,budgeted,observed,recipient_reported_founder_budget,approved_regional_school_budget,"Gymnázium Hladnov a Jazyková škola s právem státní jazykové zkoušky, Ostrava, příspěvková organizace",ico_exact,https://www.msk.cz/kraj/zastupitelstvo/prilohy_usneseni.html?cp=4&cu=1454&d=2023-12-07&rz=z&s=14,Moravskoslezský kraj approved 2024 school budget; Approved total operating contribution by education organization.
school:00842761,founder:70890692,5677000,budgeted,observed,recipient_reported_founder_budget,approved_regional_school_budget,"Matiční gymnázium, Ostrava, příspěvková organizace",ico_exact,https://www.msk.cz/kraj/zastupitelstvo/prilohy_usneseni.html?cp=4&cu=1454&d=2023-12-07&rz=z&s=14,Moravskoslezský kraj approved 2024 school budget; Approved total operating contribution by education organization.
school:00844691,founder:70890692,22857000,budgeted,observed,recipient_reported_founder_budget,approved_regional_school_budget,"Střední odborná škola, Frýdek-Místek, příspěvková organizace",ico_exact,https://www.msk.cz/kraj/zastupitelstvo/prilohy_usneseni.html?cp=4&cu=1454&d=2023-12-07&rz=z&s=14,Moravskoslezský kraj approved 2024 school budget; Approved total operating contribution by education organization.
school:00844985,founder:70890692,3630000,budgeted,observed,recipient_reported_founder_budget,approved_regional_school_budget,"Střední zdravotnická škola, Karviná, příspěvková organizace",ico_exact,https://www.msk.cz/kraj/zastupitelstvo/prilohy_usneseni.html?cp=4&cu=1454&d=2023-12-07&rz=z&s=14,Moravskoslezský kraj approved 2024 school budget; Approved total operating contribution by education organization.
school:00845027,founder:70890692,12610000,budgeted,observed,recipient_reported_founder_budget,approved_regional_school_budget,"Mendelova střední škola, Nový Jičín, příspěvková organizace",ico_exact,https://www.msk.cz/kraj/zastupitelstvo/prilohy_usneseni.html?cp=4&cu=1454&d=2023-12-07&rz=z&s=14,Moravskoslezský kraj approved 2024 school budget; Approved total operating contribution by education organization.
school:00845213,founder:70890692,18003000,budgeted,observed,recipient_reported_founder_budget,approved_regional_school_budget,"Střední škola stavební a dřevozpracující, Ostrava, příspěvková organizace",ico_exact,https://www.msk.cz/kraj/zastupitelstvo/prilohy_usneseni.html?cp=4&cu=1454&d=2023-12-07&rz=z&s=14,Moravskoslezský kraj approved 2024 school budget; Approved total operating contribution by education organization.
school:00845299,founder:70890692,9510000,budgeted,observed,recipient_reported_founder_budget,approved_regional_school_budget,"Střední škola technická, Opava, Kolofíkovo nábřeží 51, příspěvková organizace",ico_exact,https://www.msk.cz/kraj/zastupitelstvo/prilohy_usneseni.html?cp=4&cu=1454&d=2023-12-07&rz=z&s=14,Moravskoslezský kraj approved 2024 school budget; Approved total operating contribution by education organization.
school:00845329,founder:70890692,9195000,budgeted,observed,recipient_reported_founder_budget,approved_regional_school_budget,"Střední škola teleinformatiky, Ostrava, příspěvková organizace",ico_exact,https://www.msk.cz/kraj/zastupitelstvo/prilohy_usneseni.html?cp=4&cu=1454&d=2023-12-07&rz=z&s=14,Moravskoslezský kraj approved 2024 school budget; Approved total operating contribution by education organization.
school:00846279,founder:70890692,12964000,budgeted,observed,recipient_reported_founder_budget,approved_regional_school_budget,"Střední škola průmyslová, Krnov, příspěvková organizace",ico_exact,https://www.msk.cz/kraj/zastupitelstvo/prilohy_usneseni.html?cp=4&cu=1454&d=2023-12-07&rz=z&s=14,Moravskoslezský kraj approved 2024 school budget; Approved total operating contribution by education organization.
school:00846881,founder:70890692,6619000,budgeted,observed,recipient_reported_founder_budget,approved_regional_school_budget,"Gymnázium Cihelní, Frýdek-Místek, příspěvková organizace",ico_exact,https://www.msk.cz/kraj/zastupitelstvo/prilohy_usneseni.html?cp=4&cu=1454&d=2023-12-07&rz=z&s=14,Moravskoslezský kraj approved 2024 school budget; Approved total operating contribution by education organization.
school:00848077,founder:70890692,14513000,budgeted,observed,recipient_reported_founder_budget,approved_regional_school_budget,"Střední škola technická a zemědělská, Nový Jičín, příspěvková organizace",ico_exact,https://www.msk.cz/kraj/zastupitelstvo/prilohy_usneseni.html?cp=4&cu=1454&d=2023-12-07&rz=z&s=14,Moravskoslezský kraj approved 2024 school budget; Approved total operating contribution by education organization.
school:00849910,founder:70890692,85000,budgeted,observed,recipient_reported_founder_budget,approved_regional_school_budget,"Základní umělecká škola Pavla Josefa Vejvanovského, Hlučín, příspěvková organizace",ico_exact,https://www.msk.cz/kraj/zastupitelstvo/prilohy_usneseni.html?cp=4&cu=1454&d=2023-12-07&rz=z&s=14,Moravskoslezský kraj approved 2024 school budget; Approved total operating contribution by education organization.
school:00852481,founder:70890692,194000,budgeted,observed,recipient_reported_founder_budget,approved_regional_school_budget,"Základní umělecká škola, Rýmařov, Čapkova 6, příspěvková organizace",ico_exact,https://www.msk.cz/kraj/zastupitelstvo/prilohy_usneseni.html?cp=4&cu=1454&d=2023-12-07&rz=z&s=14,Moravskoslezský kraj approved 2024 school budget; Approved total operating contribution by education organization.
school:00852619,founder:70890692,6089000,budgeted,observed,recipient_reported_founder_budget,approved_regional_school_budget,"Základní škola, Dětský domov, Školní družina a Školní jídelna, Vrbno p. Pradědem, nám. Sv. Michala 17, příspěvková organizace",ico_exact,https://www.msk.cz/kraj/zastupitelstvo/prilohy_usneseni.html?cp=4&cu=1454&d=2023-12-07&rz=z&s=14,Moravskoslezský kraj approved 2024 school budget; Approved total operating contribution by education organization.
school:13643479,founder:70890692,16097000,budgeted,observed,recipient_reported_founder_budget,approved_regional_school_budget,"Střední odborná škola, Bruntál, příspěvková organizace",ico_exact,https://www.msk.cz/kraj/zastupitelstvo/prilohy_usneseni.html?cp=4&cu=1454&d=2023-12-07&rz=z&s=14,Moravskoslezský kraj approved 2024 school budget; Approved total operating contribution by education organization.
school:13644254,founder:70890692,18231000,budgeted,observed,recipient_reported_founder_budget,approved_regional_school_budget,"Střední škola techniky a služeb, Karviná, příspěvková organizace",ico_exact,https://www.msk.cz/kraj/zastupitelstvo/prilohy_usneseni.html?cp=4&cu=1454&d=2023-12-07&rz=z&s=14,Moravskoslezský kraj approved 2024 school budget; Approved total operating contribution by education organization.
school:13644271,founder:70890692,9852000,budgeted,observed,recipient_reported_founder_budget,approved_regional_school_budget,"Střední škola, Havířov-Prostřední Suchá, příspěvková organizace",ico_exact,https://www.msk.cz/kraj/zastupitelstvo/prilohy_usneseni.html?cp=4&cu=1454&d=2023-12-07&rz=z&s=14,Moravskoslezský kraj approved 2024 school budget; Approved total operating contribution by education organization.
school:13644289,founder:70890692,12347000,budgeted,observed,recipient_reported_founder_budget,approved_regional_school_budget,"Střední škola polytechnická, Havířov-Šumbark, příspěvková organizace",ico_exact,https://www.msk.cz/kraj/zastupitelstvo/prilohy_usneseni.html?cp=4&cu=1454&d=2023-12-07&rz=z&s=14,Moravskoslezský kraj approved 2024 school budget; Approved total operating contribution by education organization.
school:13644297,founder:70890692,16532000,budgeted,observed,recipient_reported_founder_budget,approved_regional_school_budget,"Střední škola a Základní škola, Havířov-Šumbark, příspěvková organizace",ico_exact,https://www.msk.cz/kraj/zastupitelstvo/prilohy_usneseni.html?cp=4&cu=1454&d=2023-12-07&rz=z&s=14,Moravskoslezský kraj approved 2024 school budget; Approved total operating contribution by education organization.
school:13644301,founder:70890692,18628000,budgeted,observed,recipient_reported_founder_budget,approved_regional_school_budget,"Střední škola řemesel, Frýdek-Místek, příspěvková organizace",ico_exact,https://www.msk.cz/kraj/zastupitelstvo/prilohy_usneseni.html?cp=4&cu=1454&d=2023-12-07&rz=z&s=14,Moravskoslezský kraj approved 2024 school budget; Approved total operating contribution by education organization.
school:13644319,founder:70890692,21644000,budgeted,observed,recipient_reported_founder_budget,approved_regional_school_budget,"Střední škola prof. Zdeňka Matějčka, Ostrava-Poruba, příspěvková organizace",ico_exact,https://www.msk.cz/kraj/zastupitelstvo/prilohy_usneseni.html?cp=4&cu=1454&d=2023-12-07&rz=z&s=14,Moravskoslezský kraj approved 2024 school budget; Approved total operating contribution by education organization.
school:13644327,founder:70890692,10499000,budgeted,observed,recipient_reported_founder_budget,approved_regional_school_budget,"Střední škola elektrotechnická, Ostrava, Na Jízdárně 30, příspěvková organizace",ico_exact,https://www.msk.cz/kraj/zastupitelstvo/prilohy_usneseni.html?cp=4&cu=1454&d=2023-12-07&rz=z&s=14,Moravskoslezský kraj approved 2024 school budget; Approved total operating contribution by education organization.
school:14450909,founder:70890692,4343000,budgeted,observed,recipient_reported_founder_budget,approved_regional_school_budget,"Střední odborná škola dopravy a cestovního ruchu, Krnov, příspěvková organizace",ico_exact,https://www.msk.cz/kraj/zastupitelstvo/prilohy_usneseni.html?cp=4&cu=1454&d=2023-12-07&rz=z&s=14,Moravskoslezský kraj approved 2024 school budget; Approved total operating contribution by education organization.
school:14451093,founder:70890692,14760000,budgeted,observed,recipient_reported_founder_budget,approved_regional_school_budget,"Střední škola technická a dopravní, Ostrava-Vítkovice, příspěvková organizace",ico_exact,https://www.msk.cz/kraj/zastupitelstvo/prilohy_usneseni.html?cp=4&cu=1454&d=2023-12-07&rz=z&s=14,Moravskoslezský kraj approved 2024 school budget; Approved total operating contribution by education organization.
school:18054455,founder:70890692,10692000,budgeted,observed,recipient_reported_founder_budget,approved_regional_school_budget,"Střední odborné učiliště stavební, Opava, příspěvková organizace",ico_exact,https://www.msk.cz/kraj/zastupitelstvo/prilohy_usneseni.html?cp=4&cu=1454&d=2023-12-07&rz=z&s=14,Moravskoslezský kraj approved 2024 school budget; Approved total operating contribution by education organization.
school:47611014,founder:00063941,6000000,budgeted,observed,recipient_reported_founder_budget,approved_school_budget,"Základní škola, Praha 10, Nad Vodovodem 460/81, příspěvková organizace",normalized_exact,https://praha10.cz/wp-content/uploads/2025/12/Rozpocet-prisp.-organizaci-odboru-skolstvi-na-rok-2024-a-vyhledy-2025-2026-zverejneno-21.12.2023-dopl.-Bajkal.-II.xlsx,Městská část Praha 10 approved 2024 school budget; Revenue from the municipal-district budget.
school:47611057,founder:00063941,7000000,budgeted,observed,recipient_reported_founder_budget,approved_school_budget,"Základní škola Karla Čapka, Praha 10, Kodaňská 658/16, příspěvková organizace",normalized_exact,https://praha10.cz/wp-content/uploads/2025/12/Rozpocet-prisp.-organizaci-odboru-skolstvi-na-rok-2024-a-vyhledy-2025-2026-zverejneno-21.12.2023-dopl.-Bajkal.-II.xlsx,Městská část Praha 10 approved 2024 school budget; Revenue from the municipal-district budget.
school:47611073,founder:00063941,7500000,budgeted,observed,recipient_reported_founder_budget,approved_school_budget,"Základní škola, Praha 10, Olešská 2222/18, příspěvková organizace",normalized_exact,https://praha10.cz/wp-content/uploads/2025/12/Rozpocet-prisp.-organizaci-odboru-skolstvi-na-rok-2024-a-vyhledy-2025-2026-zverejneno-21.12.2023-dopl.-Bajkal.-II.xlsx,Městská část Praha 10 approved 2024 school budget; Revenue from the municipal-district budget.
school:47611171,founder:00063941,6600000,budgeted,observed,recipient_reported_founder_budget,approved_school_budget,"Základní škola, Praha 10, Hostýnská 2100/2, příspěvková organizace",normalized_exact,https://praha10.cz/wp-content/uploads/2025/12/Rozpocet-prisp.-organizaci-odboru-skolstvi-na-rok-2024-a-vyhledy-2025-2026-zverejneno-21.12.2023-dopl.-Bajkal.-II.xlsx,Městská část Praha 10 approved 2024 school budget; Revenue from the municipal-district budget.
school:47611740,founder:00063941,2900000,budgeted,observed,recipient_reported_founder_budget,approved_school_budget,"Mateřská škola, Praha 10, Vladivostocká 1034/8, příspěvková organizace",catalog_alias,https://praha10.cz/wp-content/uploads/2025/12/Rozpocet-prisp.-organizaci-odboru-skolstvi-na-rok-2024-a-vyhledy-2025-2026-zverejneno-21.12.2023-dopl.-Bajkal.-II.xlsx,Městská část Praha 10 approved 2024 school budget; Revenue from the municipal-district budget.
school:47611871,founder:00063941,6400000,budgeted,observed,recipient_reported_founder_budget,approved_school_budget,"Základní škola, Praha 10, Břečťanová 2919/6, příspěvková organizace",normalized_exact,https://praha10.cz/wp-content/uploads/2025/12/Rozpocet-prisp.-organizaci-odboru-skolstvi-na-rok-2024-a-vyhledy-2025-2026-zverejneno-21.12.2023-dopl.-Bajkal.-II.xlsx,Městská část Praha 10 approved 2024 school budget; Revenue from the municipal-district budget.
school:47611880,founder:00063941,6700000,budgeted,observed,recipient_reported_founder_budget,approved_school_budget,"Základní škola, Praha 10, Gutova 1987/39, příspěvková organizace",normalized_exact,https://praha10.cz/wp-content/uploads/2025/12/Rozpocet-prisp.-organizaci-odboru-skolstvi-na-rok-2024-a-vyhledy-2025-2026-zverejneno-21.12.2023-dopl.-Bajkal.-II.xlsx,Městská část Praha 10 approved 2024 school budget; Revenue from the municipal-district budget.
school:47611898,founder:00063941,6200000,budgeted,observed,recipient_reported_founder_budget,approved_school_budget,"Základní škola Solidarita, Praha 10, Brigádniků 510/14, příspěvková organizace",normalized_exact,https://praha10.cz/wp-content/uploads/2025/12/Rozpocet-prisp.-organizaci-odboru-skolstvi-na-rok-2024-a-vyhledy-2025-2026-zverejneno-21.12.2023-dopl.-Bajkal.-II.xlsx,Městská část Praha 10 approved 2024 school budget; Revenue from the municipal-district budget.
school:47813075,founder:70890692,7153000,budgeted,observed,recipient_reported_founder_budget,approved_regional_school_budget,"Slezské gymnázium, Opava, příspěvková organizace",ico_exact,https://www.msk.cz/kraj/zastupitelstvo/prilohy_usneseni.html?cp=4&cu=1454&d=2023-12-07&rz=z&s=14,Moravskoslezský kraj approved 2024 school budget; Approved total operating contribution by education organization.
school:47813083,founder:70890692,9887000,budgeted,observed,recipient_reported_founder_budget,approved_regional_school_budget,"Obchodní akademie a Střední odborná škola logistická, Opava, příspěvková organizace",ico_exact,https://www.msk.cz/kraj/zastupitelstvo/prilohy_usneseni.html?cp=4&cu=1454&d=2023-12-07&rz=z&s=14,Moravskoslezský kraj approved 2024 school budget; Approved total operating contribution by education organization.
school:47813091,founder:70890692,4117000,budgeted,observed,recipient_reported_founder_budget,approved_regional_school_budget,"Gymnázium Josefa Kainara, Hlučín, příspěvková organizace",ico_exact,https://www.msk.cz/kraj/zastupitelstvo/prilohy_usneseni.html?cp=4&cu=1454&d=2023-12-07&rz=z&s=14,Moravskoslezský kraj approved 2024 school budget; Approved total operating contribution by education organization.
school:47813113,founder:70890692,9747000,budgeted,observed,recipient_reported_founder_budget,approved_regional_school_budget,"Mendelovo gymnázium, Opava, příspěvková organizace",ico_exact,https://www.msk.cz/kraj/zastupitelstvo/prilohy_usneseni.html?cp=4&cu=1454&d=2023-12-07&rz=z&s=14,Moravskoslezský kraj approved 2024 school budget; Approved total operating contribution by education organization.
school:47813121,founder:70890692,5722000,budgeted,observed,recipient_reported_founder_budget,approved_regional_school_budget,"Střední škola průmyslová a umělecká, Opava, příspěvková organizace",ico_exact,https://www.msk.cz/kraj/zastupitelstvo/prilohy_usneseni.html?cp=4&cu=1454&d=2023-12-07&rz=z&s=14,Moravskoslezský kraj approved 2024 school budget; Approved total operating contribution by education organization.
school:47813130,founder:70890692,13640000,budgeted,observed,recipient_reported_founder_budget,approved_regional_school_budget,"Masarykova střední škola zemědělská a přírodovědná, Opava, příspěvková organizace",ico_exact,https://www.msk.cz/kraj/zastupitelstvo/prilohy_usneseni.html?cp=4&cu=1454&d=2023-12-07&rz=z&s=14,Moravskoslezský kraj approved 2024 school budget; Approved total operating contribution by education organization.
school:47813148,founder:70890692,5186000,budgeted,observed,recipient_reported_founder_budget,approved_regional_school_budget,"Střední průmyslová škola stavební, Opava, příspěvková organizace",ico_exact,https://www.msk.cz/kraj/zastupitelstvo/prilohy_usneseni.html?cp=4&cu=1454&d=2023-12-07&rz=z&s=14,Moravskoslezský kraj approved 2024 school budget; Approved total operating contribution by education organization.
school:47813172,founder:70890692,3002000,budgeted,observed,recipient_reported_founder_budget,approved_regional_school_budget,"Základní škola, Vítkov, nám. J. Zajíce č. 1, příspěvková organizace",ico_exact,https://www.msk.cz/kraj/zastupitelstvo/prilohy_usneseni.html?cp=4&cu=1454&d=2023-12-07&rz=z&s=14,Moravskoslezský kraj approved 2024 school budget; Approved total operating contribution by education organization.
school:47813199,founder:70890692,1715000,budgeted,observed,recipient_reported_founder_budget,approved_regional_school_budget,"Základní škola, Hlučín, Gen. Svobody 8, příspěvková organizace",ico_exact,https://www.msk.cz/kraj/zastupitelstvo/prilohy_usneseni.html?cp=4&cu=1454&d=2023-12-07&rz=z&s=14,Moravskoslezský kraj approved 2024 school budget; Approved total operating contribution by education organization.
school:47813211,founder:70890692,2727000,budgeted,observed,recipient_reported_founder_budget,approved_regional_school_budget,"Základní škola a Praktická škola, Opava, Slezského odboje 5, příspěvková organizace",ico_exact,https://www.msk.cz/kraj/zastupitelstvo/prilohy_usneseni.html?cp=4&cu=1454&d=2023-12-07&rz=z&s=14,Moravskoslezský kraj approved 2024 school budget; Approved total operating contribution by education organization.
school:47813474,founder:70890692,1495000,budgeted,observed,recipient_reported_founder_budget,approved_regional_school_budget,"Mateřská škola Eliška, Opava, příspěvková organizace",ico_exact,https://www.msk.cz/kraj/zastupitelstvo/prilohy_usneseni.html?cp=4&cu=1454&d=2023-12-07&rz=z&s=14,Moravskoslezský kraj approved 2024 school budget; Approved total operating contribution by education organization.
school:47813482,founder:70890692,9366000,budgeted,observed,recipient_reported_founder_budget,approved_regional_school_budget,"Základní škola, Opava, Praskova 411, příspěvková organizace",ico_exact,https://www.msk.cz/kraj/zastupitelstvo/prilohy_usneseni.html?cp=4&cu=1454&d=2023-12-07&rz=z&s=14,Moravskoslezský kraj approved 2024 school budget; Approved total operating contribution by education organization.
school:47813491,founder:70890692,1481000,budgeted,observed,recipient_reported_founder_budget,approved_regional_school_budget,"Základní škola při zdravotnickém zařízení a Mateřská škola při zdravotnickém zařízení, Opava, Olomoucká 88, příspěvková",ico_exact,https://www.msk.cz/kraj/zastupitelstvo/prilohy_usneseni.html?cp=4&cu=1454&d=2023-12-07&rz=z&s=14,Moravskoslezský kraj approved 2024 school budget; Approved total operating contribution by education organization.
school:47813504,founder:70890692,50000,budgeted,observed,recipient_reported_founder_budget,approved_regional_school_budget,"Základní umělecká škola, Hradec nad Moravicí, Zámecká 313, příspěvková organizace",ico_exact,https://www.msk.cz/kraj/zastupitelstvo/prilohy_usneseni.html?cp=4&cu=1454&d=2023-12-07&rz=z&s=14,Moravskoslezský kraj approved 2024 school budget; Approved total operating contribution by education organization.
school:47813512,founder:70890692,233000,budgeted,observed,recipient_reported_founder_budget,approved_regional_school_budget,"Základní umělecká škola, Opava, příspěvková organizace",ico_exact,https://www.msk.cz/kraj/zastupitelstvo/prilohy_usneseni.html?cp=4&cu=1454&d=2023-12-07&rz=z&s=14,Moravskoslezský kraj approved 2024 school budget; Approved total operating contribution by education organization.
school:47813539,founder:70890692,87000,budgeted,observed,recipient_reported_founder_budget,approved_regional_school_budget,"Základní umělecká škola Vladislava Vančury, Háj ve Slezsku, příspěvková organizace",ico_exact,https://www.msk.cz/kraj/zastupitelstvo/prilohy_usneseni.html?cp=4&cu=1454&d=2023-12-07&rz=z&s=14,Moravskoslezský kraj approved 2024 school budget; Approved total operating contribution by education organization.
school:47813571,founder:70890692,10527000,budgeted,observed,recipient_reported_founder_budget,approved_regional_school_budget,"Střední škola, Dětský domov a Školní jídelna, Velké Heraltice, příspěvková organizace",ico_exact,https://www.msk.cz/kraj/zastupitelstvo/prilohy_usneseni.html?cp=4&cu=1454&d=2023-12-07&rz=z&s=14,Moravskoslezský kraj approved 2024 school budget; Approved total operating contribution by education organization.
school:47813598,founder:70890692,99000,budgeted,observed,recipient_reported_founder_budget,approved_regional_school_budget,"Základní umělecká škola, Vítkov, Lidická 639, příspěvková organizace",ico_exact,https://www.msk.cz/kraj/zastupitelstvo/prilohy_usneseni.html?cp=4&cu=1454&d=2023-12-07&rz=z&s=14,Moravskoslezský kraj approved 2024 school budget; Approved total operating contribution by education organization.
school:48132012,founder:00063941,6400000,budgeted,observed,recipient_reported_founder_budget,approved_school_budget,"Základní škola, Praha 10, V Rybníčkách 1980/31, příspěvková organizace",normalized_exact,https://praha10.cz/wp-content/uploads/2025/12/Rozpocet-prisp.-organizaci-odboru-skolstvi-na-rok-2024-a-vyhledy-2025-2026-zverejneno-21.12.2023-dopl.-Bajkal.-II.xlsx,Městská část Praha 10 approved 2024 school budget; Revenue from the municipal-district budget.
school:48132489,founder:00063941,4400000,budgeted,observed,recipient_reported_founder_budget,approved_school_budget,"Mateřská škola, Praha 10, Hřibská 2102/1, příspěvková organizace",name_similarity,https://praha10.cz/wp-content/uploads/2025/12/Rozpocet-prisp.-organizaci-odboru-skolstvi-na-rok-2024-a-vyhledy-2025-2026-zverejneno-21.12.2023-dopl.-Bajkal.-II.xlsx,Městská část Praha 10 approved 2024 school budget; Revenue from the municipal-district budget.
school:49590928,founder:70890692,89000,budgeted,observed,recipient_reported_founder_budget,approved_regional_school_budget,"Základní umělecká škola, Příbor, Lidická 50, příspěvková organizace",ico_exact,https://www.msk.cz/kraj/zastupitelstvo/prilohy_usneseni.html?cp=4&cu=1454&d=2023-12-07&rz=z&s=14,Moravskoslezský kraj approved 2024 school budget; Approved total operating contribution by education organization.
school:60337320,founder:70890692,3937000,budgeted,observed,recipient_reported_founder_budget,approved_regional_school_budget,"Obchodní akademie, Český Těšín, příspěvková organizace",ico_exact,https://www.msk.cz/kraj/zastupitelstvo/prilohy_usneseni.html?cp=4&cu=1454&d=2023-12-07&rz=z&s=14,Moravskoslezský kraj approved 2024 school budget; Approved total operating contribution by education organization.
school:60337346,founder:70890692,2020000,budgeted,observed,recipient_reported_founder_budget,approved_regional_school_budget,"Mateřská škola Klíček, Karviná-Hranice, Einsteinova 2849, příspěvková organizace",ico_exact,https://www.msk.cz/kraj/zastupitelstvo/prilohy_usneseni.html?cp=4&cu=1454&d=2023-12-07&rz=z&s=14,Moravskoslezský kraj approved 2024 school budget; Approved total operating contribution by education organization.
school:60337389,founder:70890692,1198000,budgeted,observed,recipient_reported_founder_budget,approved_regional_school_budget,"Mateřská škola Paraplíčko, Havířov, příspěvková organizace",ico_exact,https://www.msk.cz/kraj/zastupitelstvo/prilohy_usneseni.html?cp=4&cu=1454&d=2023-12-07&rz=z&s=14,Moravskoslezský kraj approved 2024 school budget; Approved total operating contribution by education organization.
school:60780487,founder:70890692,75000,budgeted,observed,recipient_reported_founder_budget,approved_regional_school_budget,"Základní umělecká škola, Město Albrechtice, Tyršova 1, příspěvková organizace",ico_exact,https://www.msk.cz/kraj/zastupitelstvo/prilohy_usneseni.html?cp=4&cu=1454&d=2023-12-07&rz=z&s=14,Moravskoslezský kraj approved 2024 school budget; Approved total operating contribution by education organization.
school:60780541,founder:70890692,105000,budgeted,observed,recipient_reported_founder_budget,approved_regional_school_budget,"Základní umělecká škola, Krnov, příspěvková organizace",ico_exact,https://www.msk.cz/kraj/zastupitelstvo/prilohy_usneseni.html?cp=4&cu=1454&d=2023-12-07&rz=z&s=14,Moravskoslezský kraj approved 2024 school budget; Approved total operating contribution by education organization.
school:60780568,founder:70890692,58000,budgeted,observed,recipient_reported_founder_budget,approved_regional_school_budget,"Základní umělecká škola, Bruntál, nám. J. Žižky 6, příspěvková organizace",ico_exact,https://www.msk.cz/kraj/zastupitelstvo/prilohy_usneseni.html?cp=4&cu=1454&d=2023-12-07&rz=z&s=14,Moravskoslezský kraj approved 2024 school budget; Approved total operating contribution by education organization.
school:60802561,founder:70890692,1146000,budgeted,observed,recipient_reported_founder_budget,approved_regional_school_budget,"Základní škola, Rýmařov, Školní náměstí 1, příspěvková organizace",ico_exact,https://www.msk.cz/kraj/zastupitelstvo/prilohy_usneseni.html?cp=4&cu=1454&d=2023-12-07&rz=z&s=14,Moravskoslezský kraj approved 2024 school budget; Approved total operating contribution by education organization.
school:60802669,founder:70890692,2775000,budgeted,observed,recipient_reported_founder_budget,approved_regional_school_budget,"Základní škola, Bruntál, Rýmařovská 15, příspěvková organizace",ico_exact,https://www.msk.cz/kraj/zastupitelstvo/prilohy_usneseni.html?cp=4&cu=1454&d=2023-12-07&rz=z&s=14,Moravskoslezský kraj approved 2024 school budget; Approved total operating contribution by education organization.
school:61955574,founder:70890692,189000,budgeted,observed,recipient_reported_founder_budget,approved_regional_school_budget,"Základní umělecká škola, Třinec, Třanovského 596, příspěvková organizace",ico_exact,https://www.msk.cz/kraj/zastupitelstvo/prilohy_usneseni.html?cp=4&cu=1454&d=2023-12-07&rz=z&s=14,Moravskoslezský kraj approved 2024 school budget; Approved total operating contribution by education organization.
school:61989011,founder:70890692,4975000,budgeted,observed,recipient_reported_founder_budget,approved_regional_school_budget,"Jazykové gymnázium Pavla Tigrida, Ostrava-Poruba, příspěvková organizace",ico_exact,https://www.msk.cz/kraj/zastupitelstvo/prilohy_usneseni.html?cp=4&cu=1454&d=2023-12-07&rz=z&s=14,Moravskoslezský kraj approved 2024 school budget; Approved total operating contribution by education organization.
school:61989177,founder:70890692,18000,budgeted,observed,recipient_reported_founder_budget,approved_regional_school_budget,"Základní umělecká škola, Ostrava - Petřkovice, Hlučínská 7, příspěvková organizace",ico_exact,https://www.msk.cz/kraj/zastupitelstvo/prilohy_usneseni.html?cp=4&cu=1454&d=2023-12-07&rz=z&s=14,Moravskoslezský kraj approved 2024 school budget; Approved total operating contribution by education organization.
school:61989185,founder:70890692,437000,budgeted,observed,recipient_reported_founder_budget,approved_regional_school_budget,"Základní umělecká škola Eduarda Marhuly, Ostrava - Mariánské Hory, Hudební 6, příspěvková organizace",ico_exact,https://www.msk.cz/kraj/zastupitelstvo/prilohy_usneseni.html?cp=4&cu=1454&d=2023-12-07&rz=z&s=14,Moravskoslezský kraj approved 2024 school budget; Approved total operating contribution by education organization.
school:61989193,founder:70890692,163000,budgeted,observed,recipient_reported_founder_budget,approved_regional_school_budget,"Základní umělecká škola Edvarda Runda, Ostrava - Slezská Ostrava, Keltičkova 4, příspěvková organizace",ico_exact,https://www.msk.cz/kraj/zastupitelstvo/prilohy_usneseni.html?cp=4&cu=1454&d=2023-12-07&rz=z&s=14,Moravskoslezský kraj approved 2024 school budget; Approved total operating contribution by education organization.
school:61989207,founder:70890692,153000,budgeted,observed,recipient_reported_founder_budget,approved_regional_school_budget,"Základní umělecká škola, Ostrava - Moravská Ostrava, Sokolská třída 15, příspěvková organizace",ico_exact,https://www.msk.cz/kraj/zastupitelstvo/prilohy_usneseni.html?cp=4&cu=1454&d=2023-12-07&rz=z&s=14,Moravskoslezský kraj approved 2024 school budget; Approved total operating contribution by education organization.
school:61989223,founder:70890692,245000,budgeted,observed,recipient_reported_founder_budget,approved_regional_school_budget,"Základní umělecká škola Viléma Petrželky, Ostrava - Hrabůvka, Edisonova 90, příspěvková organizace",ico_exact,https://www.msk.cz/kraj/zastupitelstvo/prilohy_usneseni.html?cp=4&cu=1454&d=2023-12-07&rz=z&s=14,Moravskoslezský kraj approved 2024 school budget; Approved total operating contribution by education organization.
school:61989231,founder:70890692,20000,budgeted,observed,recipient_reported_founder_budget,approved_regional_school_budget,"Základní umělecká škola Heleny Salichové, Ostrava - Polanka n/O, 1. května 330, příspěvková organizace",ico_exact,https://www.msk.cz/kraj/zastupitelstvo/prilohy_usneseni.html?cp=4&cu=1454&d=2023-12-07&rz=z&s=14,Moravskoslezský kraj approved 2024 school budget; Approved total operating contribution by education organization.
school:61989266,founder:70890692,4403000,budgeted,observed,recipient_reported_founder_budget,approved_regional_school_budget,"Základní škola, Ostrava-Hrabůvka, U Haldy 66, příspěvková organizace",ico_exact,https://www.msk.cz/kraj/zastupitelstvo/prilohy_usneseni.html?cp=4&cu=1454&d=2023-12-07&rz=z&s=14,Moravskoslezský kraj approved 2024 school budget; Approved total operating contribution by education organization.
school:61989274,founder:70890692,6388000,budgeted,observed,recipient_reported_founder_budget,approved_regional_school_budget,"Základní škola, Ostrava-Zábřeh, Kpt. Vajdy 1a, příspěvková organizace",ico_exact,https://www.msk.cz/kraj/zastupitelstvo/prilohy_usneseni.html?cp=4&cu=1454&d=2023-12-07&rz=z&s=14,Moravskoslezský kraj approved 2024 school budget; Approved total operating contribution by education organization.
school:62330276,founder:70890692,49000,budgeted,observed,recipient_reported_founder_budget,approved_regional_school_budget,"Základní umělecká škola, Bílovec, Pivovarská 124, příspěvková organizace",ico_exact,https://www.msk.cz/kraj/zastupitelstvo/prilohy_usneseni.html?cp=4&cu=1454&d=2023-12-07&rz=z&s=14,Moravskoslezský kraj approved 2024 school budget; Approved total operating contribution by education organization.
school:62330292,founder:70890692,6192000,budgeted,observed,recipient_reported_founder_budget,approved_regional_school_budget,"Základní umělecká škola, Nový Jičín, Derkova 1, příspěvková organizace",ico_exact,https://www.msk.cz/kraj/zastupitelstvo/prilohy_usneseni.html?cp=4&cu=1454&d=2023-12-07&rz=z&s=14,Moravskoslezský kraj approved 2024 school budget; Approved total operating contribution by education organization.
school:62330322,founder:70890692,76000,budgeted,observed,recipient_reported_founder_budget,approved_regional_school_budget,"Základní umělecká škola Zdeňka Buriana, Kopřivnice, příspěvková organizace",ico_exact,https://www.msk.cz/kraj/zastupitelstvo/prilohy_usneseni.html?cp=4&cu=1454&d=2023-12-07&rz=z&s=14,Moravskoslezský kraj approved 2024 school budget; Approved total operating contribution by education organization.
school:62330349,founder:70890692,323000,budgeted,observed,recipient_reported_founder_budget,approved_regional_school_budget,"Základní umělecká škola J. A. Komenského, Studénka, příspěvková organizace",ico_exact,https://www.msk.cz/kraj/zastupitelstvo/prilohy_usneseni.html?cp=4&cu=1454&d=2023-12-07&rz=z&s=14,Moravskoslezský kraj approved 2024 school budget; Approved total operating contribution by education organization.
school:62330357,founder:70890692,45000,budgeted,observed,recipient_reported_founder_budget,approved_regional_school_budget,"Základní umělecká škola, Frenštát pod Radhoštěm, Tyršova 955, příspěvková organizace",ico_exact,https://www.msk.cz/kraj/zastupitelstvo/prilohy_usneseni.html?cp=4&cu=1454&d=2023-12-07&rz=z&s=14,Moravskoslezský kraj approved 2024 school budget; Approved total operating contribution by education organization.
school:62330373,founder:70890692,54000,budgeted,observed,recipient_reported_founder_budget,approved_regional_school_budget,"Základní umělecká škola, Odry, příspěvková organizace",ico_exact,https://www.msk.cz/kraj/zastupitelstvo/prilohy_usneseni.html?cp=4&cu=1454&d=2023-12-07&rz=z&s=14,Moravskoslezský kraj approved 2024 school budget; Approved total operating contribution by education organization.
school:62330390,founder:70890692,1834000,budgeted,observed,recipient_reported_founder_budget,approved_regional_school_budget,"Základní škola Floriána Bayera, Kopřivnice, Štramberská 189, příspěvková organizace",ico_exact,https://www.msk.cz/kraj/zastupitelstvo/prilohy_usneseni.html?cp=4&cu=1454&d=2023-12-07&rz=z&s=14,Moravskoslezský kraj approved 2024 school budget; Approved total operating contribution by education organization.
school:62330420,founder:70890692,191000,budgeted,observed,recipient_reported_founder_budget,approved_regional_school_budget,"Základní umělecká škola, Klimkovice, Lidická 5, příspěvková organizace",ico_exact,https://www.msk.cz/kraj/zastupitelstvo/prilohy_usneseni.html?cp=4&cu=1454&d=2023-12-07&rz=z&s=14,Moravskoslezský kraj approved 2024 school budget; Approved total operating contribution by education organization.
school:62331205,founder:70890692,4148000,budgeted,observed,recipient_reported_founder_budget,approved_regional_school_budget,"Gymnázium Františka Živného, Bohumín, Jana Palacha 794, příspěvková organizace",ico_exact,https://www.msk.cz/kraj/zastupitelstvo/prilohy_usneseni.html?cp=4&cu=1454&d=2023-12-07&rz=z&s=14,Moravskoslezský kraj approved 2024 school budget; Approved total operating contribution by education organization.
school:62331493,founder:70890692,5328000,budgeted,observed,recipient_reported_founder_budget,approved_regional_school_budget,"Polské gymnázium - Polskie Gimnazjum im. Juliusza Słowackiego, Český Těšín, příspěvková organizace",ico_exact,https://www.msk.cz/kraj/zastupitelstvo/prilohy_usneseni.html?cp=4&cu=1454&d=2023-12-07&rz=z&s=14,Moravskoslezský kraj approved 2024 school budget; Approved total operating contribution by education organization.
school:62331515,founder:70890692,7844000,budgeted,observed,recipient_reported_founder_budget,approved_regional_school_budget,"Střední průmyslová škola, Karviná, příspěvková organizace",ico_exact,https://www.msk.cz/kraj/zastupitelstvo/prilohy_usneseni.html?cp=4&cu=1454&d=2023-12-07&rz=z&s=14,Moravskoslezský kraj approved 2024 school budget; Approved total operating contribution by education organization.
school:62331540,founder:70890692,15332000,budgeted,observed,recipient_reported_founder_budget,approved_regional_school_budget,"Gymnázium a Obchodní akademie, Orlová, příspěvková organizace",ico_exact,https://www.msk.cz/kraj/zastupitelstvo/prilohy_usneseni.html?cp=4&cu=1454&d=2023-12-07&rz=z&s=14,Moravskoslezský kraj approved 2024 school budget; Approved total operating contribution by education organization.
school:62331558,founder:70890692,4160000,budgeted,observed,recipient_reported_founder_budget,approved_regional_school_budget,"Gymnázium, Havířov-Město, Komenského 2, příspěvková organizace",ico_exact,https://www.msk.cz/kraj/zastupitelstvo/prilohy_usneseni.html?cp=4&cu=1454&d=2023-12-07&rz=z&s=14,Moravskoslezský kraj approved 2024 school budget; Approved total operating contribution by education organization.
school:62331566,founder:70890692,6048000,budgeted,observed,recipient_reported_founder_budget,approved_regional_school_budget,"Střední průmyslová škola stavební, Havířov, příspěvková organizace",ico_exact,https://www.msk.cz/kraj/zastupitelstvo/prilohy_usneseni.html?cp=4&cu=1454&d=2023-12-07&rz=z&s=14,Moravskoslezský kraj approved 2024 school budget; Approved total operating contribution by education organization.
school:62331574,founder:70890692,4095000,budgeted,observed,recipient_reported_founder_budget,approved_regional_school_budget,"Střední průmyslová škola elektrotechnická, Havířov, příspěvková organizace",ico_exact,https://www.msk.cz/kraj/zastupitelstvo/prilohy_usneseni.html?cp=4&cu=1454&d=2023-12-07&rz=z&s=14,Moravskoslezský kraj approved 2024 school budget; Approved total operating contribution by education organization.
school:62331582,founder:70890692,4965000,budgeted,observed,recipient_reported_founder_budget,approved_regional_school_budget,"Gymnázium, Havířov-Podlesí, příspěvková organizace",ico_exact,https://www.msk.cz/kraj/zastupitelstvo/prilohy_usneseni.html?cp=4&cu=1454&d=2023-12-07&rz=z&s=14,Moravskoslezský kraj approved 2024 school budget; Approved total operating contribution by education organization.
school:62331639,founder:70890692,7589000,budgeted,observed,recipient_reported_founder_budget,approved_regional_school_budget,"Gymnázium Josefa Božka, Český Těšín, příspěvková organizace",ico_exact,https://www.msk.cz/kraj/zastupitelstvo/prilohy_usneseni.html?cp=4&cu=1454&d=2023-12-07&rz=z&s=14,Moravskoslezský kraj approved 2024 school budget; Approved total operating contribution by education organization.
school:62331647,founder:70890692,1107000,budgeted,observed,recipient_reported_founder_budget,approved_regional_school_budget,"Základní umělecká škola Leoše Janáčka, Havířov, příspěvková organizace",ico_exact,https://www.msk.cz/kraj/zastupitelstvo/prilohy_usneseni.html?cp=4&cu=1454&d=2023-12-07&rz=z&s=14,Moravskoslezský kraj approved 2024 school budget; Approved total operating contribution by education organization.
school:62331663,founder:70890692,479000,budgeted,observed,recipient_reported_founder_budget,approved_regional_school_budget,"Základní umělecká škola Bohuslava Martinů, Havířov - Město, Na Schodech 1, příspěvková organizace",ico_exact,https://www.msk.cz/kraj/zastupitelstvo/prilohy_usneseni.html?cp=4&cu=1454&d=2023-12-07&rz=z&s=14,Moravskoslezský kraj approved 2024 school budget; Approved total operating contribution by education organization.
school:62331680,founder:70890692,380000,budgeted,observed,recipient_reported_founder_budget,approved_regional_school_budget,"Základní umělecká škola J. R. Míši, Orlová, příspěvková organizace",ico_exact,https://www.msk.cz/kraj/zastupitelstvo/prilohy_usneseni.html?cp=4&cu=1454&d=2023-12-07&rz=z&s=14,Moravskoslezský kraj approved 2024 school budget; Approved total operating contribution by education organization.
school:62331698,founder:70890692,263000,budgeted,observed,recipient_reported_founder_budget,approved_regional_school_budget,"Základní umělecká škola, Rychvald, Orlovská 495, příspěvková organizace",ico_exact,https://www.msk.cz/kraj/zastupitelstvo/prilohy_usneseni.html?cp=4&cu=1454&d=2023-12-07&rz=z&s=14,Moravskoslezský kraj approved 2024 school budget; Approved total operating contribution by education organization.
school:62331701,founder:70890692,114000,budgeted,observed,recipient_reported_founder_budget,approved_regional_school_budget,"Základní umělecká škola, Bohumín - Nový Bohumín, Žižkova 620, příspěvková organizace",ico_exact,https://www.msk.cz/kraj/zastupitelstvo/prilohy_usneseni.html?cp=4&cu=1454&d=2023-12-07&rz=z&s=14,Moravskoslezský kraj approved 2024 school budget; Approved total operating contribution by education organization.
school:62331795,founder:70890692,7680000,budgeted,observed,recipient_reported_founder_budget,approved_regional_school_budget,"Gymnázium, Karviná, příspěvková organizace",ico_exact,https://www.msk.cz/kraj/zastupitelstvo/prilohy_usneseni.html?cp=4&cu=1454&d=2023-12-07&rz=z&s=14,Moravskoslezský kraj approved 2024 school budget; Approved total operating contribution by education organization.
school:63024616,founder:70890692,5935000,budgeted,observed,recipient_reported_founder_budget,approved_regional_school_budget,"Střední škola, Základní škola a Mateřská škola, Karviná, příspěvková organizace",ico_exact,https://www.msk.cz/kraj/zastupitelstvo/prilohy_usneseni.html?cp=4&cu=1454&d=2023-12-07&rz=z&s=14,Moravskoslezský kraj approved 2024 school budget; Approved total operating contribution by education organization.
school:63731983,founder:70890692,139000,budgeted,observed,recipient_reported_founder_budget,approved_regional_school_budget,"Základní umělecká škola, Ostrava - Zábřeh, Sologubova 9A, příspěvková organizace",ico_exact,https://www.msk.cz/kraj/zastupitelstvo/prilohy_usneseni.html?cp=4&cu=1454&d=2023-12-07&rz=z&s=14,Moravskoslezský kraj approved 2024 school budget; Approved total operating contribution by education organization.
school:64120384,founder:70890692,360000,budgeted,observed,recipient_reported_founder_budget,approved_regional_school_budget,"Základní umělecká škola Leoše Janáčka, Frýdlant nad Ostravicí, příspěvková organizace",ico_exact,https://www.msk.cz/kraj/zastupitelstvo/prilohy_usneseni.html?cp=4&cu=1454&d=2023-12-07&rz=z&s=14,Moravskoslezský kraj approved 2024 school budget; Approved total operating contribution by education organization.
school:64120392,founder:70890692,122000,budgeted,observed,recipient_reported_founder_budget,approved_regional_school_budget,"Základní umělecká škola, Jablunkov, příspěvková organizace",ico_exact,https://www.msk.cz/kraj/zastupitelstvo/prilohy_usneseni.html?cp=4&cu=1454&d=2023-12-07&rz=z&s=14,Moravskoslezský kraj approved 2024 school budget; Approved total operating contribution by education organization.
school:64125912,founder:70890692,2491000,budgeted,observed,recipient_reported_founder_budget,approved_regional_school_budget,"Základní škola a Mateřská škola Motýlek, Kopřivnice, Smetanova 1122, příspěvková organizace",ico_exact,https://www.msk.cz/kraj/zastupitelstvo/prilohy_usneseni.html?cp=4&cu=1454&d=2023-12-07&rz=z&s=14,Moravskoslezský kraj approved 2024 school budget; Approved total operating contribution by education organization.
school:64628116,founder:70890692,141000,budgeted,observed,recipient_reported_founder_budget,approved_regional_school_budget,"Základní umělecká škola Leoše Janáčka, Ostrava - Vítkovice, příspěvková organizace",ico_exact,https://www.msk.cz/kraj/zastupitelstvo/prilohy_usneseni.html?cp=4&cu=1454&d=2023-12-07&rz=z&s=14,Moravskoslezský kraj approved 2024 school budget; Approved total operating contribution by education organization.
school:64628124,founder:70890692,2327000,budgeted,observed,recipient_reported_founder_budget,approved_regional_school_budget,"Mateřská škola logopedická, Ostrava-Poruba, Na Robinsonce 1646, příspěvková organizace",ico_exact,https://www.msk.cz/kraj/zastupitelstvo/prilohy_usneseni.html?cp=4&cu=1454&d=2023-12-07&rz=z&s=14,Moravskoslezský kraj approved 2024 school budget; Approved total operating contribution by education organization.
school:64628141,founder:70890692,2226000,budgeted,observed,recipient_reported_founder_budget,approved_regional_school_budget,"Mateřská škola logopedická, Ostrava-Poruba, U Školky 1621, příspěvková organizace",ico_exact,https://www.msk.cz/kraj/zastupitelstvo/prilohy_usneseni.html?cp=4&cu=1454&d=2023-12-07&rz=z&s=14,Moravskoslezský kraj approved 2024 school budget; Approved total operating contribution by education organization.
school:64628159,founder:70890692,3451000,budgeted,observed,recipient_reported_founder_budget,approved_regional_school_budget,"Základní škola a Mateřská škola, Ostrava-Poruba, Ukrajinská 19, příspěvková organizace",ico_exact,https://www.msk.cz/kraj/zastupitelstvo/prilohy_usneseni.html?cp=4&cu=1454&d=2023-12-07&rz=z&s=14,Moravskoslezský kraj approved 2024 school budget; Approved total operating contribution by education organization.
school:64628183,founder:70890692,6467000,budgeted,observed,recipient_reported_founder_budget,approved_regional_school_budget,"Základní škola, Ostrava-Poruba, Čkalovova 942, příspěvková organizace",ico_exact,https://www.msk.cz/kraj/zastupitelstvo/prilohy_usneseni.html?cp=4&cu=1454&d=2023-12-07&rz=z&s=14,Moravskoslezský kraj approved 2024 school budget; Approved total operating contribution by education organization.
school:64628205,founder:70890692,2355000,budgeted,observed,recipient_reported_founder_budget,approved_regional_school_budget,"Základní škola, Ostrava-Mariánské Hory, Karasova 6, příspěvková organizace",ico_exact,https://www.msk.cz/kraj/zastupitelstvo/prilohy_usneseni.html?cp=4&cu=1454&d=2023-12-07&rz=z&s=14,Moravskoslezský kraj approved 2024 school budget; Approved total operating contribution by education organization.
school:64628221,founder:70890692,863000,budgeted,observed,recipient_reported_founder_budget,approved_regional_school_budget,"Základní umělecká škola, Ostrava - Poruba, J. Valčíka 4413, příspěvková organizace",ico_exact,https://www.msk.cz/kraj/zastupitelstvo/prilohy_usneseni.html?cp=4&cu=1454&d=2023-12-07&rz=z&s=14,Moravskoslezský kraj approved 2024 school budget; Approved total operating contribution by education organization.
school:65993225,founder:00063941,6400000,budgeted,observed,recipient_reported_founder_budget,approved_school_budget,"Základní škola, Praha 10, U Roháčových kasáren 1381/19, příspěvková organizace",normalized_exact,https://praha10.cz/wp-content/uploads/2025/12/Rozpocet-prisp.-organizaci-odboru-skolstvi-na-rok-2024-a-vyhledy-2025-2026-zverejneno-21.12.2023-dopl.-Bajkal.-II.xlsx,Městská část Praha 10 approved 2024 school budget; Revenue from the municipal-district budget.
school:65993250,founder:00063941,5400000,budgeted,observed,recipient_reported_founder_budget,approved_school_budget,"Základní škola, Praha 10, Jakutská 1210/2, příspěvková organizace",normalized_exact,https://praha10.cz/wp-content/uploads/2025/12/Rozpocet-prisp.-organizaci-odboru-skolstvi-na-rok-2024-a-vyhledy-2025-2026-zverejneno-21.12.2023-dopl.-Bajkal.-II.xlsx,Městská část Praha 10 approved 2024 school budget; Revenue from the municipal-district budget.
school:65993276,founder:00063941,7700000,budgeted,observed,recipient_reported_founder_budget,approved_school_budget,"Základní škola, Praha 10, Švehlova 2900/12, příspěvková organizace",normalized_exact,https://praha10.cz/wp-content/uploads/2025/12/Rozpocet-prisp.-organizaci-odboru-skolstvi-na-rok-2024-a-vyhledy-2025-2026-zverejneno-21.12.2023-dopl.-Bajkal.-II.xlsx,Městská část Praha 10 approved 2024 school budget; Revenue from the municipal-district budget.
school:65993284,founder:00063941,5600000,budgeted,observed,recipient_reported_founder_budget,approved_school_budget,"Základní škola, Praha 10, U Vršovického nádraží 950/1, příspěvková organizace",normalized_exact,https://praha10.cz/wp-content/uploads/2025/12/Rozpocet-prisp.-organizaci-odboru-skolstvi-na-rok-2024-a-vyhledy-2025-2026-zverejneno-21.12.2023-dopl.-Bajkal.-II.xlsx,Městská část Praha 10 approved 2024 school budget; Revenue from the municipal-district budget.
school:65993497,founder:00063941,7400000,budgeted,observed,recipient_reported_founder_budget,approved_school_budget,"Základní škola Eden, Praha 10, Vladivostocká 1035/6, příspěvková organizace",normalized_exact,https://praha10.cz/wp-content/uploads/2025/12/Rozpocet-prisp.-organizaci-odboru-skolstvi-na-rok-2024-a-vyhledy-2025-2026-zverejneno-21.12.2023-dopl.-Bajkal.-II.xlsx,Městská část Praha 10 approved 2024 school budget; Revenue from the municipal-district budget.
school:66741335,founder:70890692,2959000,budgeted,observed,recipient_reported_founder_budget,approved_regional_school_budget,"Základní škola speciální a Mateřská škola speciální, Nový Jičín, Komenského 64, příspěvková organizace",ico_exact,https://www.msk.cz/kraj/zastupitelstvo/prilohy_usneseni.html?cp=4&cu=1454&d=2023-12-07&rz=z&s=14,Moravskoslezský kraj approved 2024 school budget; Approved total operating contribution by education organization.
school:66932581,founder:70890692,11631000,budgeted,observed,recipient_reported_founder_budget,approved_regional_school_budget,"Střední škola, Bohumín, příspěvková organizace",ico_exact,https://www.msk.cz/kraj/zastupitelstvo/prilohy_usneseni.html?cp=4&cu=1454&d=2023-12-07&rz=z&s=14,Moravskoslezský kraj approved 2024 school budget; Approved total operating contribution by education organization.
school:67774342,founder:00063941,2400000,budgeted,observed,recipient_reported_founder_budget,approved_school_budget,"Mateřská škola, Praha 10, Přetlucká 2252/51, příspěvková organizace",normalized_exact,https://praha10.cz/wp-content/uploads/2025/12/Rozpocet-prisp.-organizaci-odboru-skolstvi-na-rok-2024-a-vyhledy-2025-2026-zverejneno-21.12.2023-dopl.-Bajkal.-II.xlsx,Městská část Praha 10 approved 2024 school budget; Revenue from the municipal-district budget.
school:67774351,founder:00063941,2900000,budgeted,observed,recipient_reported_founder_budget,approved_school_budget,"Mateřská škola, Praha 10, Mládežnická 3078/1, příspěvková organizace",normalized_exact,https://praha10.cz/wp-content/uploads/2025/12/Rozpocet-prisp.-organizaci-odboru-skolstvi-na-rok-2024-a-vyhledy-2025-2026-zverejneno-21.12.2023-dopl.-Bajkal.-II.xlsx,Městská část Praha 10 approved 2024 school budget; Revenue from the municipal-district budget.
school:68321261,founder:70890692,14820000,budgeted,observed,recipient_reported_founder_budget,approved_regional_school_budget,"Střední škola technických oborů, Havířov-Šumbark, Lidická 1a/600, příspěvková organizace",ico_exact,https://www.msk.cz/kraj/zastupitelstvo/prilohy_usneseni.html?cp=4&cu=1454&d=2023-12-07&rz=z&s=14,Moravskoslezský kraj approved 2024 school budget; Approved total operating contribution by education organization.
school:68899092,founder:70890692,564000,budgeted,observed,recipient_reported_founder_budget,approved_regional_school_budget,"Základní umělecká škola Bedřicha Smetany, Karviná-Mizerov, příspěvková organizace",ico_exact,https://www.msk.cz/kraj/zastupitelstvo/prilohy_usneseni.html?cp=4&cu=1454&d=2023-12-07&rz=z&s=14,Moravskoslezský kraj approved 2024 school budget; Approved total operating contribution by education organization.
school:68899106,founder:70890692,95000,budgeted,observed,recipient_reported_founder_budget,approved_regional_school_budget,"Základní umělecká škola Pavla Kalety, Český Těšín, příspěvková organizace",ico_exact,https://www.msk.cz/kraj/zastupitelstvo/prilohy_usneseni.html?cp=4&cu=1454&d=2023-12-07&rz=z&s=14,Moravskoslezský kraj approved 2024 school budget; Approved total operating contribution by education organization.
school:69610126,founder:70890692,3063000,budgeted,observed,recipient_reported_founder_budget,approved_regional_school_budget,"Střední škola, Základní škola a Mateřská škola, Třinec, Jablunkovská 241, příspěvková organizace",ico_exact,https://www.msk.cz/kraj/zastupitelstvo/prilohy_usneseni.html?cp=4&cu=1454&d=2023-12-07&rz=z&s=14,Moravskoslezský kraj approved 2024 school budget; Approved total operating contribution by education organization.
school:69610134,founder:70890692,3250000,budgeted,observed,recipient_reported_founder_budget,approved_regional_school_budget,"Střední škola, Základní škola a Mateřská škola, Frýdek-Místek, příspěvková organizace",ico_exact,https://www.msk.cz/kraj/zastupitelstvo/prilohy_usneseni.html?cp=4&cu=1454&d=2023-12-07&rz=z&s=14,Moravskoslezský kraj approved 2024 school budget; Approved total operating contribution by education organization.
school:70632090,founder:70890692,1118000,budgeted,observed,recipient_reported_founder_budget,approved_regional_school_budget,"Základní škola a Mateřská škola, Frýdlant nad Ostravicí, Náměstí 7, příspěvková organizace",ico_exact,https://www.msk.cz/kraj/zastupitelstvo/prilohy_usneseni.html?cp=4&cu=1454&d=2023-12-07&rz=z&s=14,Moravskoslezský kraj approved 2024 school budget; Approved total operating contribution by education organization.
school:70640696,founder:70890692,1308000,budgeted,observed,recipient_reported_founder_budget,approved_regional_school_budget,"Základní škola a Mateřská škola při lázních, Klimkovice, příspěvková organizace",ico_exact,https://www.msk.cz/kraj/zastupitelstvo/prilohy_usneseni.html?cp=4&cu=1454&d=2023-12-07&rz=z&s=14,Moravskoslezský kraj approved 2024 school budget; Approved total operating contribution by education organization.
school:70640700,founder:70890692,3153000,budgeted,observed,recipient_reported_founder_budget,approved_regional_school_budget,"Základní škola a Mateřská škola, Nový Jičín, Dlouhá 54, příspěvková organizace",ico_exact,https://www.msk.cz/kraj/zastupitelstvo/prilohy_usneseni.html?cp=4&cu=1454&d=2023-12-07&rz=z&s=14,Moravskoslezský kraj approved 2024 school budget; Approved total operating contribution by education organization.
school:70640718,founder:70890692,1575000,budgeted,observed,recipient_reported_founder_budget,approved_regional_school_budget,"Základní škola, Frenštát pod Radhoštěm, Tyršova 1053, příspěvková organizace",ico_exact,https://www.msk.cz/kraj/zastupitelstvo/prilohy_usneseni.html?cp=4&cu=1454&d=2023-12-07&rz=z&s=14,Moravskoslezský kraj approved 2024 school budget; Approved total operating contribution by education organization.
school:70924147,founder:00063941,4200000,budgeted,observed,recipient_reported_founder_budget,approved_school_budget,"Mateřská škola, Praha 10, Magnitogorská 1430/14, příspěvková organizace",normalized_exact,https://praha10.cz/wp-content/uploads/2025/12/Rozpocet-prisp.-organizaci-odboru-skolstvi-na-rok-2024-a-vyhledy-2025-2026-zverejneno-21.12.2023-dopl.-Bajkal.-II.xlsx,Městská část Praha 10 approved 2024 school budget; Revenue from the municipal-district budget.
school:70924155,founder:00063941,2300000,budgeted,observed,recipient_reported_founder_budget,approved_school_budget,"Mateřská škola, Praha 10, Dvouletky 601/8, příspěvková organizace",normalized_exact,https://praha10.cz/wp-content/uploads/2025/12/Rozpocet-prisp.-organizaci-odboru-skolstvi-na-rok-2024-a-vyhledy-2025-2026-zverejneno-21.12.2023-dopl.-Bajkal.-II.xlsx,Městská část Praha 10 approved 2024 school budget; Revenue from the municipal-district budget.
school:70924180,founder:00063941,5330000,budgeted,observed,recipient_reported_founder_budget,approved_school_budget,"Mateřská škola, Praha 10, Bajkalská 1534/19, příspěvková organizace",normalized_exact,https://praha10.cz/wp-content/uploads/2025/12/Rozpocet-prisp.-organizaci-odboru-skolstvi-na-rok-2024-a-vyhledy-2025-2026-zverejneno-21.12.2023-dopl.-Bajkal.-II.xlsx,Městská část Praha 10 approved 2024 school budget; Revenue from the municipal-district budget.
school:70924198,founder:00063941,4700000,budgeted,observed,recipient_reported_founder_budget,approved_school_budget,"Mateřská škola, Praha 10, Benešovská 2291/28, příspěvková organizace",normalized_exact,https://praha10.cz/wp-content/uploads/2025/12/Rozpocet-prisp.-organizaci-odboru-skolstvi-na-rok-2024-a-vyhledy-2025-2026-zverejneno-21.12.2023-dopl.-Bajkal.-II.xlsx,Městská část Praha 10 approved 2024 school budget; Revenue from the municipal-district budget.
school:70924210,founder:00063941,5200000,budgeted,observed,recipient_reported_founder_budget,approved_school_budget,"Mateřská škola, Praha 10, Chmelová 2921/8, příspěvková organizace",normalized_exact,https://praha10.cz/wp-content/uploads/2025/12/Rozpocet-prisp.-organizaci-odboru-skolstvi-na-rok-2024-a-vyhledy-2025-2026-zverejneno-21.12.2023-dopl.-Bajkal.-II.xlsx,Městská část Praha 10 approved 2024 school budget; Revenue from the municipal-district budget.
school:70924228,founder:00063941,2100000,budgeted,observed,recipient_reported_founder_budget,approved_school_budget,"Mateřská škola, Praha 10, Kodaňská 989/14, příspěvková organizace",normalized_exact,https://praha10.cz/wp-content/uploads/2025/12/Rozpocet-prisp.-organizaci-odboru-skolstvi-na-rok-2024-a-vyhledy-2025-2026-zverejneno-21.12.2023-dopl.-Bajkal.-II.xlsx,Městská část Praha 10 approved 2024 school budget; Revenue from the municipal-district budget.
school:70924244,founder:00063941,3800000,budgeted,observed,recipient_reported_founder_budget,approved_school_budget,"Mateřská škola, Praha 10, Nedvězská 2224/27, příspěvková organizace",normalized_exact,https://praha10.cz/wp-content/uploads/2025/12/Rozpocet-prisp.-organizaci-odboru-skolstvi-na-rok-2024-a-vyhledy-2025-2026-zverejneno-21.12.2023-dopl.-Bajkal.-II.xlsx,Městská část Praha 10 approved 2024 school budget; Revenue from the municipal-district budget.
school:70924261,founder:00063941,4500000,budgeted,observed,recipient_reported_founder_budget,approved_school_budget,"Mateřská škola, Praha 10, Omská 1354/6, příspěvková organizace",normalized_exact,https://praha10.cz/wp-content/uploads/2025/12/Rozpocet-prisp.-organizaci-odboru-skolstvi-na-rok-2024-a-vyhledy-2025-2026-zverejneno-21.12.2023-dopl.-Bajkal.-II.xlsx,Městská část Praha 10 approved 2024 school budget; Revenue from the municipal-district budget.
school:70924279,founder:00063941,3200000,budgeted,observed,recipient_reported_founder_budget,approved_school_budget,"Mateřská škola, Praha 10, Štěchovická 1981/4, příspěvková organizace",normalized_exact,https://praha10.cz/wp-content/uploads/2025/12/Rozpocet-prisp.-organizaci-odboru-skolstvi-na-rok-2024-a-vyhledy-2025-2026-zverejneno-21.12.2023-dopl.-Bajkal.-II.xlsx,Městská část Praha 10 approved 2024 school budget; Revenue from the municipal-district budget.
school:70924287,founder:00063941,2300000,budgeted,observed,recipient_reported_founder_budget,approved_school_budget,"Mateřská škola, Praha 10, Tolstého 1353/2a, příspěvková organizace",catalog_alias,https://praha10.cz/wp-content/uploads/2025/12/Rozpocet-prisp.-organizaci-odboru-skolstvi-na-rok-2024-a-vyhledy-2025-2026-zverejneno-21.12.2023-dopl.-Bajkal.-II.xlsx,Městská část Praha 10 approved 2024 school budget; Revenue from the municipal-district budget.
school:70924295,founder:00063941,4300000,budgeted,observed,recipient_reported_founder_budget,approved_school_budget,"Mateřská škola, Praha 10, Troilova 474/17, příspěvková organizace",normalized_exact,https://praha10.cz/wp-content/uploads/2025/12/Rozpocet-prisp.-organizaci-odboru-skolstvi-na-rok-2024-a-vyhledy-2025-2026-zverejneno-21.12.2023-dopl.-Bajkal.-II.xlsx,Městská část Praha 10 approved 2024 school budget; Revenue from the municipal-district budget.
school:70924309,founder:00063941,1800000,budgeted,observed,recipient_reported_founder_budget,approved_school_budget,"Mateřská škola, Praha 10, Tuchorazská 472/2a, příspěvková organizace",normalized_exact,https://praha10.cz/wp-content/uploads/2025/12/Rozpocet-prisp.-organizaci-odboru-skolstvi-na-rok-2024-a-vyhledy-2025-2026-zverejneno-21.12.2023-dopl.-Bajkal.-II.xlsx,Městská část Praha 10 approved 2024 school budget; Revenue from the municipal-district budget.
school:70924317,founder:00063941,2050000,budgeted,observed,recipient_reported_founder_budget,approved_school_budget,"Mateřská škola, Praha 10, U Roháčových  kasáren 1215/14, příspěvková organizace",catalog_alias,https://praha10.cz/wp-content/uploads/2025/12/Rozpocet-prisp.-organizaci-odboru-skolstvi-na-rok-2024-a-vyhledy-2025-2026-zverejneno-21.12.2023-dopl.-Bajkal.-II.xlsx,Městská část Praha 10 approved 2024 school budget; Revenue from the municipal-district budget.
school:70924325,founder:00063941,1750000,budgeted,observed,recipient_reported_founder_budget,approved_school_budget,"Mateřská škola U Vršovického nádraží, Praha 10, Sámova 1529/2a, příspěvková organizace",normalized_exact,https://praha10.cz/wp-content/uploads/2025/12/Rozpocet-prisp.-organizaci-odboru-skolstvi-na-rok-2024-a-vyhledy-2025-2026-zverejneno-21.12.2023-dopl.-Bajkal.-II.xlsx,Městská část Praha 10 approved 2024 school budget; Revenue from the municipal-district budget.
school:70924341,founder:00063941,1750000,budgeted,observed,recipient_reported_founder_budget,approved_school_budget,"Mateřská škola, Praha 10, Ve Stínu 2103/10, příspěvková organizace",normalized_exact,https://praha10.cz/wp-content/uploads/2025/12/Rozpocet-prisp.-organizaci-odboru-skolstvi-na-rok-2024-a-vyhledy-2025-2026-zverejneno-21.12.2023-dopl.-Bajkal.-II.xlsx,Městská část Praha 10 approved 2024 school budget; Revenue from the municipal-district budget.
school:70924350,founder:00063941,2250000,budgeted,observed,recipient_reported_founder_budget,approved_school_budget,"Mateřská škola, Praha 10, Zvonková 2901/12, příspěvková organizace",normalized_exact,https://praha10.cz/wp-content/uploads/2025/12/Rozpocet-prisp.-organizaci-odboru-skolstvi-na-rok-2024-a-vyhledy-2025-2026-zverejneno-21.12.2023-dopl.-Bajkal.-II.xlsx,Městská část Praha 10 approved 2024 school budget; Revenue from the municipal-district budget.
school:71172050,founder:70890692,3128000,budgeted,observed,recipient_reported_founder_budget,approved_regional_school_budget,"Základní škola, Ostrava-Slezská Ostrava, Na Vizině 28, příspěvková organizace",ico_exact,https://www.msk.cz/kraj/zastupitelstvo/prilohy_usneseni.html?cp=4&cu=1454&d=2023-12-07&rz=z&s=14,Moravskoslezský kraj approved 2024 school budget; Approved total operating contribution by education organization.
school:72547651,founder:70890692,18127000,budgeted,observed,recipient_reported_founder_budget,approved_regional_school_budget,"Střední škola hotelnictví a služeb a Vyšší odborná škola, Opava, příspěvková organizace",ico_exact,https://www.msk.cz/kraj/zastupitelstvo/prilohy_usneseni.html?cp=4&cu=1454&d=2023-12-07&rz=z&s=14,Moravskoslezský kraj approved 2024 school budget; Approved total operating contribution by education organization.
